"ISSUER","JURISDICTIONSTATE"
"Cumulus Insurance","IL"
"Cumulus Insurance","IL"
"Cumulus Insurance","MI"
"Cumulus Insurance","MO"
"Employers Assurance Company",""
"Cumulus Insurance",""
"Progressive Specialty Ins Company","TX"
"Travelers Property Casualty Company Of America","WI"
"Bristol West Insurance Company","MI"
"Cumulus Insurance","WI"
"New York Life Insurance Company","IL"
"Cumulus Insurance","OH"
"Travelers Property Casualty Company Of America","MN"
"Bristol West Insurance Company","IL"
"Primerica Life Insurance Company","IL"
"Travelers Property Casualty Company Of America","MN"
"Cumulus Insurance","IL"
"Progressive Specialty Ins Company","OH"
"Automobile Ins Co Of Hartford Connecticut","WI"
"Liberty Insurance Underwriters Inc.","MI"
"New York Life Insurance Company","IL"
"Amco Insurance Company","MI"
"Travelers Property Casualty Company Of America","OH"
